<?xml version="1.0" encoding="UTF-8"?>
<library>
    <tabla>
        <item>
            <title>TITLE: Theory and Practice of Tabla</title>
            <author>AUTHOR: Sadanand Naimpalli</author>
            <description1>
                LETS LEARN:
                1. Advanced Techniques:
                - Explore intricate techniques and nuances to elevate your tabla playing.
                - Dive into more complex compositions to challenge your skills.
            </description1>
            <description2>
                2. Mastering Gharanas:
                - Study the nuances of different Gharanas (tabla traditions) to enrich your playing
                style.
                - Learn compositions that highlight the distinct characteristics of each Gharana.
            </description2>
            <description3>
                3. Tala Mastery:
                - Delve into advanced rhythmic cycles (Tala) beyond the basics.
                - Practice complex talas to enhance your rhythmic proficiency.
            </description3>
            <description4>
                4. Expressive Playing:
                - Refine your dynamic expression by mastering the subtle art of playing softer and
                louder.
                - Experiment with intricate playing techniques for a broader range of tones.
            </description4>
            <description5>
                5. Ensemble Expertise:
                - Hone your skills in playing with other musicians, seamlessly adapting to different
                musical contexts.
                - Explore collaborative performances to refine your ensemble playing.
            </description5>
            <description6>
                6. Continuous Learning and Innovation:
                - Stay committed to regular practice and ongoing learning to maintain and enhance
                your skills.
            </description6>
            <image>tabla1.jpg</image>
        </item>
        <item>
            <title>TITLE: Tabla (Rare Compositions of The Great Masters)</title>
            <author>AUTHOR: Pt. Vijay Shanker Mishra</author>
            <description1>
                LETS LEARN:TABLA 2 &#10;

                1. Advanced Techniques:
                - Explore intricate techniques and nuances to elevate your tabla playing.
                - Dive into more complex compositions to challenge your skills.
            </description1>
            <description2>
                2. Mastering Gharanas:
                - Study the nuances of different Gharanas (tabla traditions) to enrich your playing
                style.
                - Learn compositions that highlight the distinct characteristics of each Gharana.
            </description2>
            <description3>
                3. Tala Mastery:
                - Delve into advanced rhythmic cycles (Tala) beyond the basics.
                - Practice complex talas to enhance your rhythmic proficiency.
            </description3>
            <description4>
                4. Expressive Playing:
                - Refine your dynamic expression by mastering the subtle art of playing softer and
                louder.
                - Experiment with intricate playing techniques for a broader range of tones.
            </description4>
            <description5>
                5. Ensemble Expertise:
                - Hone your skills in playing with other musicians, seamlessly adapting to different
                musical contexts.
                - Explore collaborative performances to refine your ensemble playing.
            </description5>
            <description6>

                6. Continuous Learning and Innovation:
                - Stay committed to regular practice and ongoing learning to maintain and enhance
                your skills.
                - Innovate and incorporate your unique style into your tabla playing.
               
            </description6>
            <image>tabla2.jpg</image>
        </item>
    </tabla>
    <violin>
        <item>
            <title>TITLE: Essential Elements for Strings</title>
            <author>AUTHOR:  Michael Allen </author>
            <description1>

                1. Advanced Technique Refinement:
                - Mastering Bow Control:
                - Focus on refining bowing techniques, emphasizing control, and nuanced expression.
                - Work on advanced finger placement for intricate and challenging passages.
            </description1>
            <description2>
                2. Exploring Diverse Repertoire:
                - Dive into Complex Pieces:
                - Explore challenging and intricate pieces from different musical genres.
                - Embrace diverse styles to broaden your musical repertoire.
            </description2>
            <description3>
                3. Expressive Playing at an Advanced Level:
                - Dynamic Expression Mastery:
                - Master dynamic nuances to convey a wide range of emotions in your playing.
                - Experiment with advanced articulation techniques for expressive performances.
            </description3>
            <description4>
                4. Advanced Ensemble Skills:
                - Collaborative Performance:
                - Develop advanced ensemble skills by playing in larger groups or orchestras.
                - Practice maintaining precision and synchronization with fellow musicians.
            </description4>
            <description5>
                5.In-Depth Stylistic Exploration:
                - Genre Specialization:
                - Specialize in specific musical genres, such as classical, jazz, or folk.
                - Explore the intricacies of each genre's unique playing style and techniques.
            </description5>
            <description6>
                6. Continuous Learning and Artistic Growth:
                - Lifelong Learning Approach:
                - Embrace a mindset of continual learning and improvement.
                - Attend masterclasses, workshops, and engage with other advanced musicians for
                artistic growth.
            </description6>
            <image>violin1.jpg</image>
        </item>
        <item>
            <title>TITLE: Sound Innovations for String Orchestra</title>
            <author>AUTHOR:  Bob Phillips</author>
            <description1>
                1. Start with the Basics:
                - Familiarize yourself with the violin, understanding how to hold it and the bow
                correctly.
                - Begin producing sounds using fundamental techniques like proper bowing and finger
                placement.
            </description1>
            <description2>
                2. Master Melody and Rhythm:
                - Learn basic music notation to understand melody.
                - Develop a sense of rhythm and timing in your playing.
            </description2>
            <description3>
                3. Play Simple Melodies:
                - Start playing simple tunes on the violin to build familiarity and confidence.
                - Break down tunes into smaller sections for easier learning.
                </description3>
                <description4>
                4. Focus on Technique and Control:
                - Work on controlled bowing and precise finger placement for clear and accurate
                playing.
                - Experiment with dynamics and articulation to enhance musical expression.
            </description4>
            <description5>
                5. Express Yourself through Playing:
                - Explore dynamics by playing louder or softer to convey emotion.
                - Try various bowing techniques to create a range of tones.
            </description5>
            <description6>
                6. Play with Others and Seek Guidance:
                - Practice playing with other musicians to develop ensemble skills.
                - Consider taking lessons from a violin teacher for personalized guidance and
                improvement.
            </description6>
            <image>violin2.jpg</image>
        </item>
    </violin>
    <drum>
        <item>
            <title>TITLE: Let The drum Speak!: The Life Story Of The World's Most Recorded Drummer</title>
        
            <author>AUTHOR: Bernard Purdie</author>
            <description1>
                1. Advanced Drumming Techniques:
                - Explore intricate drumming techniques such as polyrhythms, ghost notes, and
                advanced fills.
                - Experiment with complex patterns to enhance your drumming vocabulary.
            </description1>
            <description2>
                2. Dynamic and Expressive Playing:
                - Master dynamic control by seamlessly transitioning between soft and powerful
                playing.
                - Incorporate nuanced techniques to express a wide range of emotions through your
                drumming.
            </description2>
            <description3>
                3.Advanced Rhythmic Structures:
                - Dive into advanced rhythmic structures, including odd time signatures and
                intricate grooves.
                - Develop the ability to navigate complex musical compositions.
            </description3>
            <description4>
                4. Creative Drumming Styles:
                - Explore various drumming styles, such as jazz, fusion, metal, or world music.
                - Infuse your playing with unique elements from different genres.
            </description4>
            <description5>
                5. Incorporate Electronics:
                - Experiment with electronic drum and percussion to expand your sonic palette.
                - Integrate electronic elements seamlessly into your acoustic drum setup.
            </description5>
                    <description6>
                6. Professional Collaboration:
                - Collaborate with other advanced musicians and artists in diverse projects.
                - Participate in sessions, live performances, or studio recordings to refine your
                skills in a professional setting.
            </description6>
            <image>drum1.jpg</image>
        </item>
        <item>
            <title>TITLE: The Complete Idiot's Guide to Playing drum</title>
            <author>AUTHOR: Michael Miller</author>
            <description1>
                1. Start with Drum Basics:
                - Familiarize yourself with the drum set, understanding components like snare, bass
                drum, toms, and cymbals.
                - Learn the proper drumming posture and how to hold drumticks.
            </description1>
            <description2>
                2. Master Drumming Techniques:
                - Begin with basic drumming techniques, creating different sounds by hitting various
                drum components.
                - Practice fundamental drumming patterns to build a strong foundation.
            </description2>
            <description3>
                3. Develop Rhythmic Skills:
                - Understand basic drum patterns and rhythmic structures.
                - Focus on keeping a steady beat and playing along with simple song structures.
            </description3>
            <description4>
                4. Play Simple Drum Beats:
                - Start with straightforward drum beats used in different music genres.
                - Break down beats into individual components for focused practice.
            </description4>
            <description5>
                5. Refine Control and Precision:
                - Gradually increase drumming speed while maintaining control.
                - Ensure precision in hits, aiming for consistent and clear drum sounds.
            </description5>
            <description6>
                6. Expressive Drumming and Jamming:
                - Experiment with dynamic expression, playing softer or louder for variety.
                - Practice drumming alongside other musicians to develop ensemble skills.
            </description6>
            <image>drum2.jpg</image>
        </item>
    </drum>
</library>